City_ID,City,Country,Lat,Lng,Max Temp,Humidity,Cloudiness,Wind Speed,Current Description
0,Cabo San Lucas,MX,22.8909,-109.9124,89.82,55,40,4.27,scattered clouds
1,Mataura,NZ,-46.1927,168.8643,49.48,96,99,1.86,overcast clouds
2,Iqaluit,CA,63.7506,-68.5145,34.7,74,94,5.99,light rain
3,New Norfolk,AU,-42.7826,147.0587,46.71,82,100,1.99,overcast clouds
4,Rikitea,PF,-23.1203,-134.9692,73.99,66,0,13.35,clear sky
5,Chokurdakh,RU,70.6333,147.9167,52.63,55,26,9.04,scattered clouds
6,Thinadhoo,MV,0.5333,72.9333,84.27,71,88,18.03,overcast clouds
7,Barranca,PE,-10.75,-77.7667,68.02,76,98,8.75,overcast clouds
8,Tasiilaq,GL,65.6145,-37.6368,41.16,80,12,8.9,few clouds
9,Puerto Ayora,EC,-0.7393,-90.3518,75.54,85,83,7.0,broken clouds
10,Ostersund,SE,63.1792,14.6357,64.62,44,0,4.61,clear sky
11,Carnarvon,AU,-24.8667,113.6333,66.31,60,1,17.65,clear sky
12,Mar Del Plata,AR,-38.0023,-57.5575,61.09,40,35,1.01,light rain
13,Ushuaia,AR,-54.8,-68.3,30.61,86,99,1.25,overcast clouds
14,Kurakh,RU,41.5849,47.7831,58.91,86,54,1.88,broken clouds
15,Upernavik,GL,72.7868,-56.1549,31.39,89,100,3.74,overcast clouds
16,Makaha,US,21.4694,-158.2175,72.95,73,62,3.76,broken clouds
17,Bluff,NZ,-46.6,168.3333,49.8,67,86,6.55,overcast clouds
18,Broome,US,42.2506,-75.833,67.62,60,40,3.0,scattered clouds
19,Trat,TH,12.5,102.5,78.87,89,6,1.61,clear sky
20,Mahebourg,MU,-20.4081,57.7,73.26,72,0,10.2,clear sky
21,Tecoanapa,MX,16.5167,-98.75,88.0,59,89,5.79,overcast clouds
22,Pemangkat,ID,1.1667,108.9667,81.14,79,18,3.49,few clouds
23,Tabou,CI,4.423,-7.3528,77.68,90,98,8.48,moderate rain
24,Rairangpur,IN,22.2676,86.1751,88.41,49,100,3.31,overcast clouds
25,Pacific Grove,US,36.6177,-121.9166,68.58,83,1,5.01,clear sky
26,Hobart,AU,-42.8794,147.3294,47.05,75,100,1.01,overcast clouds
27,Jamestown,US,42.097,-79.2353,66.18,44,60,4.0,broken clouds
28,Kajaani,FI,64.2273,27.7285,59.05,55,0,6.91,clear sky
29,Georgetown,MY,5.4112,100.3354,85.93,74,20,0.92,light rain
30,Ribeirao Bonito,BR,-22.0667,-48.1761,80.35,45,91,5.82,overcast clouds
31,Hasaki,JP,35.7333,140.8333,61.29,73,88,7.18,overcast clouds
32,Kapaa,US,22.0752,-159.319,73.38,76,64,3.31,broken clouds
33,Quarai,BR,-30.3875,-56.4514,60.78,52,6,8.7,clear sky
34,Faanui,PF,-16.4833,-151.75,78.57,66,100,15.37,overcast clouds
35,Kalmunai,LK,7.4167,81.8167,83.59,75,100,2.77,overcast clouds
36,Soyo,AO,-6.1349,12.3689,79.95,77,2,11.3,clear sky
37,Port Alfred,ZA,-33.5906,26.891,61.9,71,100,10.02,overcast clouds
38,La Palma,US,33.8464,-118.0467,66.9,80,90,1.01,overcast clouds
39,Vanimo,PG,-2.6741,141.3028,78.51,87,100,7.36,moderate rain
40,Geraldton,AU,-28.7667,114.6,54.01,87,39,14.16,scattered clouds
41,Busselton,AU,-33.65,115.3333,51.08,85,98,5.86,overcast clouds
42,Faya,SA,18.3851,42.4509,81.12,13,1,14.5,clear sky
43,Terra Santa,BR,-2.1042,-56.4869,93.54,45,7,3.89,clear sky
44,Hermanus,ZA,-34.4187,19.2345,57.9,77,58,8.59,light rain
45,Bengkulu,ID,-3.8004,102.2655,77.86,89,100,3.47,overcast clouds
46,Alofi,NU,-19.0595,-169.9187,79.2,76,46,3.49,light rain
47,Moussoro,TD,13.6408,16.4901,109.2,8,11,14.16,few clouds
48,Castro,BR,-24.7911,-50.0119,57.42,97,100,2.39,overcast clouds
49,Tongliao,CN,43.6125,122.2653,65.62,50,100,18.61,overcast clouds
50,Altay,CN,47.8667,88.1167,65.8,27,0,8.81,clear sky
51,Pevek,RU,69.7008,170.3133,37.53,66,30,1.1,scattered clouds
52,Dikson,RU,73.5069,80.5464,30.74,97,100,15.52,light snow
53,Los Llanos De Aridane,ES,28.6585,-17.9182,68.13,78,75,9.1,broken clouds
54,Ahipara,NZ,-35.1667,173.1667,57.92,78,9,12.17,clear sky
55,Port Elizabeth,ZA,-33.918,25.5701,58.1,73,100,15.75,overcast clouds
56,Ishigaki,JP,24.3448,124.1572,80.33,87,100,11.36,overcast clouds
57,Yellowknife,CA,62.456,-114.3525,50.32,54,99,4.0,overcast clouds
58,Bethel,US,41.3712,-73.414,57.88,79,90,4.0,overcast clouds
59,Itarema,BR,-2.9248,-39.9167,87.76,58,15,13.65,few clouds
60,Bagotville,AU,-28.9833,153.4167,51.78,93,47,7.23,scattered clouds
61,Bredasdorp,ZA,-34.5322,20.0403,55.27,86,24,7.76,few clouds
62,Antropovo,RU,58.3988,43.0066,52.03,54,64,3.22,light rain
63,Longyearbyen,SJ,78.2186,15.6401,35.44,69,75,10.36,broken clouds
64,Nizhnevartovsk,RU,60.9344,76.5531,48.22,87,75,8.95,broken clouds
65,Decatur,US,39.8403,-88.9548,68.32,64,100,7.63,overcast clouds
66,Vaini,TO,-21.2,-175.2,71.76,88,90,5.75,light rain
67,Tazmalt,DZ,36.3868,4.3989,88.43,30,96,8.43,overcast clouds
68,Jiuquan,CN,39.7432,98.5174,70.45,9,0,16.49,clear sky
69,Diu,IN,20.7141,70.9822,84.02,74,2,13.94,clear sky
70,Taoudenni,ML,22.6783,-3.9836,114.85,6,71,11.72,broken clouds
71,Lorengau,PG,-2.0226,147.2712,80.42,85,100,11.61,overcast clouds
72,Atuona,PF,-9.8,-139.0333,78.85,68,36,11.83,scattered clouds
73,Lebu,CL,-37.6167,-73.65,57.92,94,100,11.88,overcast clouds
74,Punta Arenas,CL,-53.15,-70.9167,30.11,80,100,3.47,overcast clouds
75,Iracoubo,GF,5.4802,-53.2011,75.25,96,100,9.1,moderate rain
76,Dingle,PH,10.9995,122.6711,77.43,91,100,0.78,overcast clouds
77,Hilo,US,19.7297,-155.09,82.27,94,90,4.61,moderate rain
78,Albany,US,42.6001,-73.9662,55.45,82,100,7.0,overcast clouds
79,Nyurba,RU,63.2842,118.3319,53.91,48,12,2.75,few clouds
80,Cherskiy,RU,68.75,161.3,52.29,39,13,8.21,few clouds
81,Nandyal,IN,15.4833,78.4833,95.16,38,86,4.43,overcast clouds
82,Oranjestad,AW,12.524,-70.027,79.97,84,60,22.39,broken clouds
83,Angoche,MZ,-16.2325,39.9086,74.95,76,18,7.99,few clouds
84,Winneba,GH,5.3511,-0.6231,83.25,73,99,12.84,overcast clouds
85,Provideniya,RU,64.3833,-173.3,38.21,69,94,7.61,overcast clouds
86,Bambous Virieux,MU,-20.3428,57.7575,73.22,72,1,10.45,clear sky
87,Bilibino,RU,68.0546,166.4372,47.95,57,17,2.04,few clouds
88,Ribeira Grande,PT,38.5167,-28.7,68.4,73,75,4.61,broken clouds
89,Voyvozh,RU,62.892,54.9635,45.9,54,87,5.73,overcast clouds
90,Am Timan,TD,11.0297,20.2827,105.96,13,27,7.52,scattered clouds
91,Tessalit,ML,20.1986,1.0114,109.67,5,0,14.54,clear sky
92,Burnie,AU,-41.0667,145.9167,47.91,85,100,4.32,overcast clouds
93,Nome,US,64.5011,-165.4064,46.17,63,100,3.65,overcast clouds
94,Sorland,NO,67.667,12.6934,50.07,87,100,4.68,overcast clouds
95,Cape Town,ZA,-33.9258,18.4232,58.26,92,54,1.01,light rain
96,Zlatibor,RS,43.7168,19.7,45.7,86,99,4.99,overcast clouds
97,Xicotencatl,MX,23.0167,-98.8833,87.71,58,50,8.43,scattered clouds
98,Qaanaaq,GL,77.484,-69.3632,33.22,89,100,2.35,overcast clouds
99,Aranos,NA,-24.1333,19.1167,66.92,18,8,11.27,clear sky
100,Lata,PT,40.1629,-8.3327,87.71,52,32,8.66,scattered clouds
101,Katsuura,JP,35.1333,140.3,67.19,83,53,4.54,broken clouds
102,Eureka,US,40.8021,-124.1637,62.2,76,80,1.01,broken clouds
103,Oistins,BB,13.0667,-59.5333,81.77,71,55,19.84,broken clouds
104,Saint-Augustin,CA,51.226,-58.6502,51.22,56,100,12.21,overcast clouds
105,Khatanga,RU,71.9667,102.5,34.38,99,100,7.25,moderate rain
106,Caldwell,US,43.6629,-116.6874,74.46,34,1,6.91,clear sky
107,Arraial Do Cabo,BR,-22.9661,-42.0278,73.26,88,90,5.75,light intensity drizzle
108,Klaksvik,FO,62.2266,-6.589,58.12,96,86,14.94,overcast clouds
109,Victoria,HK,22.2855,114.1577,84.38,87,100,5.99,light rain
110,Laguna,US,38.421,-121.4238,89.42,43,1,1.01,clear sky
111,Jacqueville,CI,5.2052,-4.4146,84.11,79,76,12.01,light rain
112,Mogadishu,SO,2.0371,45.3438,78.91,84,100,13.2,overcast clouds
113,Shache,CN,38.4167,77.2406,76.33,24,84,2.75,broken clouds
114,Kirakira,SB,-10.4544,161.9205,77.81,89,96,8.95,overcast clouds
115,Bakel,SN,14.905,-12.4568,106.5,17,49,7.78,scattered clouds
116,Izacic,BA,44.875,15.7819,64.54,61,56,5.79,broken clouds
117,Porto Velho,BR,-8.7619,-63.9039,86.05,62,40,2.3,scattered clouds
118,Severo-Kurilsk,RU,50.6789,156.125,36.99,98,100,27.74,light rain
119,Pedernales,DO,18.0384,-71.744,85.12,62,77,2.37,broken clouds
120,Poronaysk,RU,49.2167,143.1167,37.99,89,12,8.03,few clouds
121,Norman Wells,CA,65.282,-126.8329,50.47,77,100,2.53,overcast clouds
122,Dondo,MZ,-19.6094,34.7431,69.4,74,45,6.4,scattered clouds
123,Torbay,CA,47.6666,-52.7314,53.1,54,67,14.34,broken clouds
124,Odesskoye,RU,54.2111,72.9651,67.23,82,100,5.84,light rain
125,Trairi,BR,-3.2778,-39.2689,87.42,57,29,10.6,scattered clouds
126,Araouane,ML,18.9048,-3.5265,111.07,5,2,6.02,clear sky
127,Kavaratti,IN,10.5669,72.642,83.77,75,23,21.43,few clouds
128,Aklavik,CA,68.2191,-135.0107,33.8,86,90,12.66,overcast clouds
129,Sur,OM,22.5667,59.5289,97.41,28,88,9.8,overcast clouds
130,Avarua,CK,-21.2078,-159.775,66.25,82,70,3.44,broken clouds
131,Luderitz,NA,-26.6481,15.1594,63.91,62,0,25.1,clear sky
132,Dunedin,NZ,-45.8742,170.5036,43.81,86,100,15.01,overcast clouds
133,Santiago,CL,-33.4569,-70.6483,68.18,39,0,2.66,clear sky
134,Vostok,RU,46.4856,135.8833,43.11,93,67,3.83,broken clouds
135,Bumba,CD,2.1833,22.4667,81.59,70,82,3.02,broken clouds
136,San Cristobal,VE,7.7669,-72.225,77.18,55,93,6.53,overcast clouds
137,Komsomolskiy,UZ,40.4272,71.7189,80.02,34,3,7.25,clear sky
138,College,US,64.8569,-147.8028,56.8,64,75,4.61,broken clouds
139,Nanortalik,GL,60.1432,-45.2371,39.15,77,50,11.68,scattered clouds
140,Ulladulla,AU,-35.35,150.4667,47.08,70,28,5.39,scattered clouds
141,Almeria,ES,37.1667,-2.3333,76.3,53,100,2.8,overcast clouds
142,Saint Anthony,US,45.0205,-93.218,70.25,71,1,1.01,clear sky
143,Flinders,AU,-34.5833,150.8552,49.21,85,24,1.01,few clouds
144,Hariana,IN,31.6378,75.8408,79.97,50,99,17.11,overcast clouds
145,Capim Grosso,BR,-11.3811,-40.0128,81.84,50,79,8.57,broken clouds
146,Cukai,MY,4.25,103.4167,81.09,86,59,4.43,broken clouds
147,Saint-Philippe,RE,-21.3585,55.7679,71.19,80,24,6.13,few clouds
148,Havoysund,NO,70.9963,24.6622,43.68,98,100,24.47,overcast clouds
149,Springfield,US,37.2153,-93.2982,67.87,68,1,7.0,clear sky
150,Sawtell,AU,-30.3833,153.1,48.22,93,18,3.44,mist
151,Leningradskiy,RU,69.3833,178.4167,28.81,94,88,11.52,overcast clouds
152,Pangody,RU,65.85,74.4859,45.5,46,19,2.1,few clouds
153,Lagoa,PT,39.05,-27.9833,61.0,78,100,20.18,overcast clouds
154,Santa Ines,BR,-3.6667,-45.38,89.01,57,17,2.39,few clouds
155,Erenhot,CN,43.6475,111.9767,49.44,46,3,4.92,clear sky
156,Launceston,AU,-41.45,147.1667,46.15,90,75,4.68,mist
157,Tautira,PF,-17.7333,-149.15,71.62,63,45,14.16,scattered clouds
158,Helena,US,46.5927,-112.0361,72.25,45,1,4.0,clear sky
159,Maceio,BR,-9.6658,-35.7353,81.84,78,75,7.2,broken clouds
160,Olavarria,AR,-36.8927,-60.3225,57.15,61,99,10.36,overcast clouds
161,Bam,IR,29.106,58.357,93.18,6,0,8.7,clear sky
162,Teya,RU,60.3778,92.6267,50.13,66,100,5.5,overcast clouds
163,Cambui,BR,-22.6122,-46.0575,71.15,75,87,4.9,overcast clouds
164,Nikolskoye,RU,59.7035,30.7861,55.78,64,100,6.15,light rain
165,Barrow,US,71.2906,-156.7887,28.42,74,90,10.36,overcast clouds
166,Itamaraca,BR,-7.7478,-34.8256,83.08,69,38,10.96,scattered clouds
167,Sihora,IN,23.4833,80.1167,93.42,27,41,6.4,scattered clouds
168,Amboasary,MG,-25.0333,46.3833,70.07,76,36,12.33,scattered clouds
169,Tiksi,RU,71.6872,128.8694,34.57,89,9,2.35,clear sky
170,Honningsvag,NO,70.9821,25.9704,42.55,87,75,23.02,light intensity drizzle
171,Tuatapere,NZ,-46.1333,167.6833,49.82,85,70,2.44,broken clouds
172,Mariental,NA,-24.6333,17.9667,66.22,16,0,11.21,clear sky
173,Namibe,AO,-15.1961,12.1522,77.29,57,1,14.99,clear sky
174,Omsukchan,RU,62.5333,155.8,33.58,80,79,7.07,broken clouds
175,Sao Joao Da Barra,BR,-21.6403,-41.0511,77.0,79,96,6.44,overcast clouds
176,Thompson,CA,55.7435,-97.8558,61.52,42,97,5.28,overcast clouds
177,Raudeberg,NO,61.9875,5.1352,71.2,87,72,7.52,broken clouds
178,Sasebo,JP,33.1592,129.7228,73.0,71,100,4.85,overcast clouds
179,Ledyard,US,41.4398,-72.0142,56.23,86,90,3.0,overcast clouds
180,Baraki Barak,AF,33.9675,68.9486,74.91,17,10,8.81,clear sky
181,Ola,RU,59.5833,151.2833,36.16,99,100,1.43,light rain
182,Opuwo,NA,-18.0607,13.84,76.77,16,72,7.99,broken clouds
183,Bathsheba,BB,13.2167,-59.5167,88.41,51,40,19.62,scattered clouds
184,Kununurra,AU,-15.7667,128.7333,64.38,77,42,0.0,scattered clouds
185,Grand Gaube,MU,-20.0064,57.6608,73.38,77,0,4.0,clear sky
186,Martapura,ID,-3.4167,114.85,78.89,94,77,2.37,broken clouds
187,Mackay,AU,-21.15,149.2,59.68,78,100,10.42,overcast clouds
188,Port Keats,AU,-14.25,129.55,71.44,84,100,2.01,overcast clouds
189,Chapais,CA,49.7834,-74.8492,67.84,26,52,7.14,broken clouds
190,Linkoping,SE,58.4109,15.6216,71.98,47,75,8.05,broken clouds
191,Mayumba,GA,-3.432,10.6554,79.36,81,38,9.69,scattered clouds
192,Sitka,US,57.0531,-135.33,57.09,67,90,18.41,light rain
193,Qasigiannguit,GL,68.8193,-51.1922,35.85,89,100,4.41,overcast clouds
194,Jambi,ID,-1.6,103.6167,74.37,98,87,2.44,overcast clouds
195,Pemba,MZ,-12.974,40.5178,78.19,75,4,11.97,clear sky
196,Yatou,CN,37.15,122.3833,62.55,89,89,11.21,light rain
197,Kati,ML,12.7441,-8.0726,99.81,24,100,2.77,overcast clouds
198,Belyy Yar,RU,53.6039,91.3903,48.09,61,1,1.88,clear sky
199,Pisco,PE,-13.7,-76.2167,65.01,86,100,4.34,overcast clouds
200,Bokoro,TD,12.3807,17.0568,108.16,9,9,7.47,clear sky
201,Fandriana,MG,-20.2333,47.3833,61.03,81,84,3.06,broken clouds
202,Nakusp,CA,50.2499,-117.8023,67.26,53,100,2.01,overcast clouds
203,Petropavlovsk-Kamchatskiy,RU,53.0452,158.6483,37.99,100,75,2.44,light rain
204,Port Moresby,PG,-9.4431,147.1797,74.39,88,100,11.63,overcast clouds
205,Sao Jose Da Coroa Grande,BR,-8.8978,-35.1478,81.93,71,26,7.65,scattered clouds
206,Abeche,TD,13.8292,20.8324,105.87,10,19,9.1,few clouds
207,Half Moon Bay,US,37.4636,-122.4286,79.29,69,1,5.23,clear sky
208,Saskylakh,RU,71.9167,114.0833,47.89,66,76,12.77,broken clouds
209,Hithadhoo,MV,-0.6,73.0833,84.09,70,86,16.33,overcast clouds
210,Hami,CN,42.8,93.45,79.81,10,2,10.45,clear sky
211,Lazaro Cardenas,MX,17.9583,-102.2,85.95,61,88,4.16,overcast clouds
212,Paranagua,BR,-25.52,-48.5092,69.49,92,100,2.1,overcast clouds
213,Tayu,ID,-6.5397,111.0518,78.35,87,92,4.32,overcast clouds
214,Middelburg,ZA,-25.7751,29.4648,55.56,64,74,14.29,light rain
215,Isangel,VU,-19.55,169.2667,70.68,68,76,12.75,broken clouds
216,Gimbi,ET,9.1667,35.8333,66.45,61,45,3.51,scattered clouds
217,Kilindoni,TZ,-7.9139,39.6668,78.22,79,20,9.73,few clouds
218,Asau,RO,46.4333,26.4,58.75,73,99,5.28,overcast clouds
219,Kupang,ID,-10.1667,123.5833,75.96,89,100,6.62,overcast clouds
220,Rio Gallegos,AR,-51.6226,-69.2181,35.24,69,100,4.05,overcast clouds
221,Bahia Honda,CU,22.9036,-83.1592,85.71,57,0,8.28,clear sky
222,Westport,US,41.1415,-73.3579,59.86,80,90,1.99,overcast clouds
223,Riyadh,SA,24.6877,46.7219,105.85,9,0,8.05,clear sky
224,Nantucket,US,41.2835,-70.0995,59.11,95,90,11.5,fog
225,Vagay,RU,57.9375,69.0217,45.39,83,88,13.47,overcast clouds
226,Jalu,LY,29.0331,21.5482,95.54,15,9,14.74,clear sky
227,Ritchie,ZA,-29.038,24.6028,56.05,32,59,13.62,broken clouds
228,Dieppe,FR,49.75,1.1667,73.58,61,0,11.61,clear sky
229,Atikokan,CA,48.7555,-91.6216,63.7,51,18,4.74,few clouds
230,Srandakan,ID,-7.9386,110.2506,59.74,89,89,4.12,light rain
231,Frejus,FR,43.4329,6.7352,78.75,47,6,8.99,clear sky
232,Maniitsoq,GL,65.4167,-52.9,34.47,99,100,7.9,light rain
233,Ust-Kuyga,RU,70.0167,135.6,52.92,69,66,2.84,broken clouds
234,Codrington,AU,-38.2667,141.9667,48.34,43,100,11.68,overcast clouds
235,Tateyama,JP,34.9833,139.8667,67.1,80,31,3.44,scattered clouds
236,Kushima,JP,31.4583,131.2333,66.6,83,100,3.94,overcast clouds
237,Torata,PE,-17.0769,-70.8433,65.59,34,99,6.33,overcast clouds
238,Touros,BR,-5.1989,-35.4608,85.1,63,80,14.16,broken clouds
239,Seydi,TM,39.4816,62.9137,96.39,10,64,6.87,broken clouds
240,Harlingen,US,26.1906,-97.6961,86.32,69,75,13.8,broken clouds
241,Monsenhor Gil,BR,-5.5642,-42.6078,90.59,31,10,3.29,clear sky
242,Muros,ES,42.7762,-9.0603,82.9,65,33,4.14,scattered clouds
243,Kabalo,CD,-6.05,26.9167,83.08,39,38,5.35,scattered clouds
244,Ouricuri,BR,-7.8825,-40.0817,79.74,59,91,8.03,overcast clouds
245,Greensburg,US,40.3015,-79.5389,67.32,56,20,3.0,few clouds
246,Jacareacanga,BR,-6.2222,-57.7528,93.79,35,0,4.27,clear sky
247,Cidreira,BR,-30.1811,-50.2056,60.04,40,0,8.72,clear sky
248,Kodiak,US,57.79,-152.4072,45.91,87,90,17.27,light rain
249,Northfield,US,44.4583,-93.1616,70.18,72,1,5.99,clear sky
250,Richards Bay,ZA,-28.783,32.0377,66.25,68,62,12.57,broken clouds
251,Los Zacatones,MX,22.95,-102.05,69.35,37,77,12.35,broken clouds
252,Coahuayana,MX,18.7333,-103.6833,92.68,34,80,3.24,broken clouds
253,Tlapehuala,MX,18.2167,-100.5167,90.5,51,71,1.68,broken clouds
254,Matamoros,MX,25.5333,-103.25,83.1,47,75,4.12,broken clouds
255,Obo,CF,5.3998,26.4869,82.24,59,64,4.83,broken clouds
256,Kulaman,PH,6.4594,124.0892,77.27,87,100,2.51,moderate rain
257,Pierre,US,44.3683,-100.351,68.92,61,1,3.0,clear sky
258,Storslett,NO,69.7678,21.0247,48.2,76,75,9.22,broken clouds
259,Lompoc,US,34.6391,-120.4579,60.1,100,90,4.79,overcast clouds
260,Hofn,IS,64.2539,-15.2082,46.35,86,64,10.51,broken clouds
261,Lebedinyy,RU,58.5167,125.5167,47.95,77,60,6.42,broken clouds
262,Payo,ID,-3.7508,103.6372,72.88,98,100,2.44,heavy intensity rain
263,Hovd,MN,48.0056,91.6419,52.25,36,0,5.01,clear sky
264,Arrecife,ES,28.963,-13.5477,75.18,53,40,16.11,scattered clouds
265,Henties Bay,NA,-22.116,14.2845,62.85,72,1,13.91,clear sky
266,Axim,GH,4.8699,-2.2405,81.0,81,93,10.87,overcast clouds
267,Todos Santos,MX,23.45,-110.2167,89.31,49,21,6.24,few clouds
268,Ponta Do Sol,PT,32.6667,-17.1,70.43,73,58,2.35,broken clouds
269,Poum,NC,-20.2333,164.0167,71.56,57,29,16.44,scattered clouds
270,Beian,NO,63.6559,9.5683,61.92,72,0,17.27,clear sky
271,Sumbe,AO,-11.2061,13.8437,80.44,70,2,5.17,clear sky
272,Kavieng,PG,-2.5744,150.7967,78.3,87,100,4.41,light rain
273,Fortuna,US,40.5982,-124.1573,62.65,73,68,5.5,broken clouds
274,Buluang,PH,13.3068,123.3425,78.12,90,69,3.11,broken clouds
275,Liuzhou,CN,24.3126,109.3892,79.56,86,78,2.21,light rain
276,Esperance,AU,-33.8667,121.9,57.04,83,100,26.49,overcast clouds
277,Pokhara,NP,28.2333,83.9833,71.65,77,31,6.4,moderate rain
278,Uray,RU,60.1247,64.7758,48.94,59,93,5.44,overcast clouds
279,Mantua,IT,45.1667,10.7833,76.08,44,65,1.99,broken clouds
280,Salalah,OM,17.0151,54.0924,84.29,84,75,8.05,light intensity drizzle
281,Samarai,PG,-10.6167,150.6667,78.71,77,98,20.45,overcast clouds
282,Kondinskoye,RU,59.6481,67.41,42.33,88,99,5.08,overcast clouds
283,Tarakan,ID,3.3,117.6333,82.47,78,89,7.61,overcast clouds
284,Camacha,PT,33.0833,-16.3333,66.96,94,75,11.5,light intensity drizzle
285,Rocha,UY,-34.4833,-54.3333,61.52,52,11,19.66,few clouds
286,Galle,LK,6.0367,80.217,81.28,85,77,15.99,broken clouds
287,Port Lincoln,AU,-34.7333,135.8667,59.5,42,100,9.95,overcast clouds
288,Karpathos,GR,35.507,27.2132,73.36,83,20,10.13,few clouds
289,East London,ZA,-33.0153,27.9116,66.63,53,100,12.06,overcast clouds
290,Bairiki,KI,1.3292,172.9752,82.4,78,20,15.41,light rain
291,Itaituba,BR,-4.2761,-55.9836,95.63,35,1,3.15,clear sky
292,Mariinsk,RU,56.2139,87.7472,51.76,65,11,8.12,few clouds
293,Vila,PT,42.0304,-8.1588,74.75,65,25,5.3,light rain
294,Nchelenge,ZM,-9.3451,28.734,70.38,64,28,3.15,scattered clouds
295,Kruisfontein,ZA,-34.0033,24.7314,55.89,76,99,12.59,overcast clouds
296,Obidos,BR,-1.9175,-55.5181,89.83,52,2,5.35,clear sky
297,Nichinan,JP,31.6,131.3667,67.75,80,100,4.09,overcast clouds
298,Eyrarbakki,IS,63.863,-21.1481,52.21,76,100,19.6,overcast clouds
299,Huarmey,PE,-10.0681,-78.1522,69.85,77,95,9.19,overcast clouds
300,Souillac,MU,-20.5167,57.5167,73.36,76,0,8.52,clear sky
301,Mbour,SN,14.422,-16.9638,83.25,68,75,14.07,broken clouds
302,Mulege,MX,26.8833,-111.9833,81.91,29,0,2.93,clear sky
303,Serebryanyy Bor,RU,56.8,124.8,49.14,74,89,2.15,overcast clouds
304,Moose Factory,CA,51.2585,-80.6094,61.5,51,100,10.49,overcast clouds
305,Saint George,US,37.1041,-113.5841,85.35,14,1,4.0,clear sky
306,Khani,GE,41.9563,42.9566,67.57,94,52,4.27,broken clouds
307,Verkhnyaya Toyma,RU,62.2349,44.9985,54.95,47,56,3.67,broken clouds
308,Mwene-Ditu,CD,-7.0,23.45,74.34,33,13,2.46,few clouds
309,San Patricio,US,28.017,-97.5169,86.09,63,36,15.93,scattered clouds
310,Pochutla,MX,15.7432,-96.4661,88.83,55,98,4.05,overcast clouds
311,Tunceli,TR,39.1083,39.5471,83.26,45,58,1.7,broken clouds
312,Butaritari,KI,3.0707,172.7902,82.72,76,31,15.93,scattered clouds
313,Atambua,ID,-9.1061,124.8925,72.01,89,71,2.51,broken clouds
314,Uyuni,BO,-20.4597,-66.825,44.44,14,18,5.86,few clouds
315,Vardo,NO,70.3705,31.1107,46.6,81,75,16.11,light intensity drizzle
316,Holstebro,DK,56.3601,8.6161,66.52,62,22,9.75,few clouds
317,Batemans Bay,AU,-35.7167,150.1833,43.92,75,32,5.1,scattered clouds
318,Dzhebariki-Khaya,RU,62.2167,135.8,45.97,92,66,4.16,light rain
319,Zhanaozen,KZ,43.3,52.8,80.58,31,0,16.93,clear sky
320,Bubaque,GW,11.2833,-15.8333,78.75,75,98,11.65,overcast clouds
321,Sri Aman,MY,1.2376,111.4621,75.29,98,95,0.54,overcast clouds
322,Belaya Gora,RU,68.5333,146.4167,54.88,47,29,6.06,scattered clouds
323,Mansa,IN,29.9833,75.3833,92.84,29,81,7.02,broken clouds
324,Oussouye,SN,12.485,-16.5469,86.68,49,100,12.06,overcast clouds
325,Homer,US,59.6425,-151.5483,55.78,77,1,0.0,clear sky
326,Vrable,SK,48.2437,18.3085,66.52,67,69,11.88,broken clouds
327,Janakpur,NP,26.7183,85.9065,88.77,58,48,10.89,scattered clouds
328,Matay,EG,28.419,30.7792,105.6,11,0,14.18,clear sky
329,Starobaltachevo,RU,56.0013,55.9213,52.02,67,100,9.1,overcast clouds
330,Mayo,US,38.8876,-76.5119,71.37,56,20,8.99,few clouds
331,Pangnirtung,CA,66.1451,-65.7125,33.4,94,41,2.15,scattered clouds
332,The Pas,CA,53.8251,-101.2541,66.92,31,100,7.99,overcast clouds
333,Yulara,AU,-25.2406,130.9889,60.64,36,90,1.14,overcast clouds
334,Limbang,MY,4.75,115.0,82.51,95,100,1.05,overcast clouds
335,Cayenne,GF,4.9333,-52.3333,80.1,88,75,3.0,moderate rain
336,Xuddur,SO,4.1213,43.8894,82.65,49,100,10.78,overcast clouds
337,Bergerac,FR,44.8333,0.5,84.78,37,0,4.61,clear sky
338,Zhaotong,CN,27.3167,103.7167,60.17,90,74,4.45,moderate rain
339,Sisimiut,GL,66.9395,-53.6735,34.59,95,100,8.72,overcast clouds
340,Shiyan,CN,32.6475,110.7781,74.46,78,100,2.06,light rain
341,Deputatskiy,RU,69.3,139.9,50.54,53,90,3.47,overcast clouds
342,Varkaus,FI,62.3153,27.873,54.3,72,81,5.12,broken clouds
343,Yuxia,CN,34.0615,108.6291,68.61,72,100,5.66,overcast clouds
344,Nouakchott,MR,18.0858,-15.9785,80.53,65,42,19.17,scattered clouds
345,Cockburn Town,TC,21.4612,-71.1419,80.42,76,100,17.72,overcast clouds
346,Algiers,DZ,36.7525,3.042,78.62,47,75,8.39,broken clouds
347,Ixtapa,MX,20.7,-105.2,81.63,61,75,0.0,broken clouds
348,Labuhan,ID,-6.8844,112.2051,78.35,87,95,5.32,overcast clouds
349,Tiarei,PF,-17.5333,-149.3333,71.62,65,36,16.17,scattered clouds
350,Grindavik,IS,63.8424,-22.4338,48.67,71,75,21.83,broken clouds
351,Nurota,UZ,40.5614,65.6886,91.49,20,75,12.21,broken clouds
352,El Tigre,VE,8.8875,-64.2454,88.63,49,86,9.51,overcast clouds
353,Tikrit,IQ,34.6071,43.6782,96.73,10,34,7.94,scattered clouds
354,Zabol,AF,32.25,67.25,78.48,8,0,8.57,clear sky
355,Carmarthen,GB,51.8555,-4.3054,70.75,72,70,11.21,broken clouds
356,Saldanha,ZA,-33.0117,17.9442,59.05,76,9,9.31,clear sky
357,Imatra,FI,61.1719,28.7524,57.58,60,67,5.01,broken clouds
358,Palotina,BR,-24.2839,-53.84,68.36,83,99,2.86,overcast clouds
359,Bitkine,TD,11.9801,18.2138,101.05,17,87,1.3,overcast clouds
360,Morococha,PE,-11.5997,-76.1411,44.15,59,100,6.55,overcast clouds
361,Kawalu,ID,-7.3817,108.2082,73.92,97,97,1.32,overcast clouds
362,Nemuro,JP,43.3236,145.575,40.37,87,62,15.14,broken clouds
363,La Cumbre,AR,-30.982,-64.4914,67.1,37,3,2.15,clear sky
364,Alta Floresta,BR,-9.8756,-56.0861,86.63,48,60,3.18,broken clouds
365,Cururupu,BR,-1.8283,-44.8683,89.92,50,18,5.7,light rain
366,Herat,AF,34.5,62.0,85.39,13,0,9.78,clear sky
367,Nizwa,OM,22.9333,57.5333,95.45,17,41,6.38,scattered clouds
368,Kaihua,CN,23.3687,104.28,67.71,89,79,4.56,broken clouds
369,Guerrero Negro,MX,27.9769,-114.0611,64.38,65,2,9.46,clear sky
370,Rodrigues Alves,BR,-7.738,-72.6509,74.28,96,100,2.55,overcast clouds
371,Cap-Aux-Meules,CA,47.3821,-61.8597,50.05,87,90,16.11,overcast clouds
372,Kiruna,SE,67.8557,20.2251,49.12,57,0,13.8,clear sky
373,Pokrovsk,UA,48.282,37.1758,62.42,78,100,10.69,overcast clouds
374,Biloela,AU,-24.4167,150.5,53.37,87,0,5.61,clear sky
375,Korsakov,RU,46.6328,142.7813,37.24,90,32,3.18,scattered clouds
376,Olafsvik,IS,64.8945,-23.7142,46.08,77,85,19.51,overcast clouds
377,Merauke,ID,-8.4667,140.3333,75.4,90,28,11.95,scattered clouds
378,Kutum,SD,14.2,24.6667,89.22,23,55,13.11,broken clouds
379,Yichang,CN,30.7144,111.2847,74.37,85,18,2.46,light rain
380,Acarau,BR,-2.8856,-40.12,87.01,60,24,12.8,few clouds
381,Morrope,PE,-6.5417,-80.0111,71.71,70,100,9.26,overcast clouds
382,Shikarpur,PK,27.9571,68.6379,98.49,10,0,10.04,clear sky
383,Miskolc,HU,48.1,20.7833,59.61,70,28,12.97,scattered clouds
384,Bonavista,CA,48.6499,-53.1147,51.85,61,95,14.16,overcast clouds
385,Karratha,AU,-20.7377,116.8463,69.71,47,100,14.32,overcast clouds
386,Belmonte,BR,-15.8631,-38.8828,82.9,65,80,9.17,broken clouds
387,Rancho Palos Verdes,US,33.7445,-118.387,65.14,89,98,3.0,overcast clouds
388,Penzance,GB,50.1186,-5.5371,67.21,67,0,17.27,clear sky
389,Houma,US,29.5958,-90.7195,84.0,63,1,5.75,clear sky
390,Sao Filipe,CV,14.8961,-24.4956,74.77,74,10,15.3,clear sky
391,Alcantara,BR,-2.4089,-44.4147,91.6,59,11,5.3,few clouds
392,Vestmannaeyjar,IS,63.4427,-20.2734,46.78,81,100,18.99,overcast clouds
393,Chama,CH,47.1821,8.4636,73.36,37,1,7.07,clear sky
394,Pokaran,IN,26.9167,71.9167,100.18,25,0,21.9,clear sky
395,Lykhivka,UA,48.6874,33.9228,59.18,76,100,14.36,overcast clouds
396,Alindao,CF,5.0267,21.2088,86.85,63,87,1.03,overcast clouds
397,Quelimane,MZ,-17.8786,36.8883,70.74,72,60,6.31,broken clouds
398,Mancio Lima,BR,-7.6142,-72.8958,73.4,97,100,3.24,overcast clouds
399,Pimentel,PE,-6.8367,-79.9342,71.89,81,90,3.0,overcast clouds
400,Kahului,US,20.8947,-156.47,74.84,77,37,3.0,scattered clouds
401,Taywarah,AF,33.35,64.4167,61.72,20,0,16.31,clear sky
402,Rio Grande,BR,-32.035,-52.0986,64.51,45,10,12.73,clear sky
403,Cabedelo,BR,-6.9811,-34.8339,83.07,79,41,13.51,scattered clouds
404,Gemena,CD,3.25,19.7667,78.71,82,99,2.06,light rain
405,Fernley,US,39.608,-119.2518,78.8,18,5,1.01,clear sky
406,New Plymouth,NZ,-39.0667,174.0833,53.06,79,87,14.47,overcast clouds
407,Bandarbeyla,SO,9.4942,50.8122,79.59,82,89,27.65,overcast clouds
408,Buraydah,SA,26.326,43.975,101.26,9,78,8.59,broken clouds
409,Inhambane,MZ,-23.865,35.3833,69.33,78,39,10.78,scattered clouds
410,Bajmok,RS,45.9688,19.4243,61.7,67,92,9.71,light rain
411,Morant Bay,JM,17.8815,-76.4093,87.42,67,96,11.61,overcast clouds
412,Coquimbo,CL,-29.9533,-71.3436,67.73,55,0,1.25,clear sky
413,Irara,BR,-12.05,-38.7667,80.38,62,74,8.84,broken clouds
414,Tera,NE,14.0078,0.7531,108.03,13,52,4.0,broken clouds
415,Vao,NC,-22.6667,167.4833,68.99,59,100,17.76,overcast clouds
416,Benguela,AO,-12.5763,13.4055,81.68,54,4,5.19,clear sky
417,Faranah,GN,10.0404,-10.7434,85.33,55,94,4.7,light rain
418,Padang,ID,-0.9492,100.3543,78.55,85,88,2.64,overcast clouds
419,Yeppoon,AU,-23.1333,150.7333,58.78,81,7,12.35,clear sky
420,Ojinaga,MX,29.5667,-104.4167,83.35,51,1,3.44,clear sky
421,Strezhevoy,RU,60.7333,77.5889,46.38,81,100,13.71,light rain
422,Eydhafushi,MV,5.1033,73.0708,83.41,73,89,20.36,overcast clouds
423,Nouadhibou,MR,20.931,-17.0347,66.7,86,18,24.92,few clouds
424,Chino Valley,US,34.7575,-112.4538,79.11,19,1,1.99,clear sky
425,Dublin,US,37.7021,-121.9358,82.24,53,1,1.79,clear sky
426,Illora,ES,37.2877,-3.8811,85.82,32,20,10.58,few clouds
427,Havelock,US,34.8791,-76.9013,73.02,62,1,5.01,clear sky
428,Airai,TL,-8.9266,125.4092,59.43,95,96,2.17,overcast clouds
429,Mandalgovi,MN,45.7625,106.2708,42.76,32,37,10.16,scattered clouds
430,Sukhovolya,UA,49.8243,23.8377,61.02,47,0,11.01,clear sky
431,Bosaso,SO,11.2842,49.1816,89.55,55,33,2.68,scattered clouds
432,Yagodnoye,RU,62.55,149.6667,42.69,83,100,4.94,overcast clouds
433,Waitati,NZ,-45.75,170.5667,43.81,86,100,6.73,overcast clouds
434,Dar Es Salaam,TZ,-6.8235,39.2695,76.57,80,50,6.58,scattered clouds
435,Tuktoyaktuk,CA,69.4541,-133.0374,31.51,83,87,15.17,overcast clouds
436,Chicama,PE,-7.8447,-79.1469,64.94,72,100,6.76,overcast clouds
437,Pindiga,NG,9.9833,10.9333,96.35,26,29,2.3,scattered clouds
438,Yelizovo,RU,53.1873,158.3805,39.34,100,75,2.24,light rain
439,Gizo,SB,-8.103,156.8419,80.85,84,87,19.1,light rain
440,Vila Velha,BR,-20.3297,-40.2925,85.96,78,40,4.0,scattered clouds
441,Sangmelima,CM,2.9333,11.9833,76.77,87,83,3.33,light rain
442,Dunda,TZ,-8.1167,34.25,72.07,51,87,6.31,overcast clouds
443,Tambacounda,SN,13.7539,-13.7586,103.48,18,100,8.57,overcast clouds
444,Miracema Do Tocantins,BR,-9.5618,-48.3967,92.08,29,1,4.38,clear sky
445,Harnosand,SE,62.6323,17.9379,59.02,71,100,5.39,overcast clouds
446,Maningrida,AU,-12.0667,134.2667,71.46,91,31,7.63,scattered clouds
447,Camocim,BR,-2.9022,-40.8411,88.38,55,21,7.43,few clouds
448,Wicklow,IE,53.0,-6.4167,63.03,63,36,9.01,scattered clouds
449,Denpasar,ID,-8.65,115.2167,78.46,94,20,2.15,few clouds
450,Afrikanda,RU,67.4429,32.7828,44.87,70,95,7.65,overcast clouds
451,Miranda,CO,3.2499,-76.2281,75.33,70,61,4.14,broken clouds
452,At-Bashi,KG,41.1702,75.8106,53.47,84,71,4.76,broken clouds
453,Ancud,CL,-41.8697,-73.8203,60.42,97,100,16.02,light rain
454,Vila Franca Do Campo,PT,37.7167,-25.4333,68.41,72,72,9.78,broken clouds
455,Salym,RU,60.0625,71.4789,41.04,94,100,10.49,overcast clouds
456,Te Anau,NZ,-45.4167,167.7167,39.45,92,50,2.82,scattered clouds
457,Waldshut-Tiengen,DE,47.6232,8.2172,74.25,49,1,7.36,clear sky
458,Chapayeve,UA,49.3662,35.8749,55.22,79,100,10.58,overcast clouds
459,Shumerlya,RU,55.5005,46.4129,46.85,75,100,4.23,overcast clouds
460,Usolye,RU,59.4268,56.6808,52.21,56,4,4.27,clear sky
461,Tartagal,AR,-22.5164,-63.8013,75.34,35,8,4.83,clear sky
462,Cap Malheureux,MU,-19.9842,57.6142,73.47,77,0,4.0,clear sky
463,Karabash,RU,55.4808,60.2157,52.7,69,96,6.35,overcast clouds
464,Caravelas,BR,-17.7125,-39.2481,81.43,63,27,9.31,scattered clouds
465,Talnakh,RU,69.4865,88.3972,32.54,91,100,7.02,overcast clouds
466,Baghdad,IQ,33.3406,44.4009,100.31,14,0,11.74,clear sky
467,Booue,GA,-0.0921,11.9385,86.45,72,50,1.63,light rain
468,Zverinogolovskoye,RU,54.4586,64.8542,57.67,71,88,17.76,overcast clouds
469,Longjiang,CN,47.3303,123.1836,62.17,79,100,14.63,overcast clouds
470,Beloha,MG,-25.1667,45.05,67.01,68,91,11.5,overcast clouds
471,Hamilton,US,39.1834,-84.5333,70.21,54,1,1.01,clear sky
472,San Andres,CO,12.5847,-81.7006,86.02,70,40,19.57,scattered clouds
473,Vung Tau,VN,10.346,107.0843,84.61,79,50,10.94,scattered clouds
474,Llanes,ES,43.4198,-4.7549,77.27,74,17,6.35,few clouds
475,Baft,IR,29.234,56.6057,80.46,8,0,10.42,clear sky
476,Oranjemund,NA,-28.55,16.4333,57.96,84,0,10.38,clear sky
477,Staritsa,RU,56.5075,34.9354,55.45,56,100,3.09,overcast clouds
478,Eirunepe,BR,-6.6603,-69.8736,83.35,76,95,3.56,overcast clouds
479,Ulagan,RU,50.6321,87.9563,49.33,57,17,0.47,few clouds
480,Lasa,IT,46.6166,10.7002,68.74,53,27,4.03,scattered clouds
481,Flin Flon,CA,54.7682,-101.865,64.4,33,100,7.67,overcast clouds
482,Shelburne,CA,44.0787,-80.2041,67.28,34,33,7.65,scattered clouds
483,Mamallapuram,IN,12.6264,80.1722,87.06,71,90,13.94,overcast clouds
484,Tual,ID,-5.6667,132.75,81.41,79,49,18.43,scattered clouds
485,Hit,IQ,33.6416,42.8251,97.65,9,1,6.85,clear sky
486,Yuci,CN,37.6803,112.7319,62.35,67,0,5.93,clear sky
487,Casas Grandes,MX,30.3667,-107.95,75.43,22,0,10.2,clear sky
488,Lubao,PH,14.9167,120.55,86.02,82,98,2.13,overcast clouds
489,Borazjan,IR,29.2666,51.2159,96.13,18,0,8.5,clear sky
490,Stokmarknes,NO,68.5646,14.9108,49.5,100,75,12.66,broken clouds
491,Nicholasville,US,37.8806,-84.573,68.29,55,1,5.73,clear sky
492,Jijiga,ET,9.35,42.8,74.08,40,80,0.69,broken clouds
493,Sibolga,ID,1.7427,98.7792,77.68,89,99,2.33,overcast clouds
494,Sechura,PE,-5.5569,-80.8222,74.57,66,98,10.67,overcast clouds
495,Puerto Narino,CO,-3.7703,-70.3831,84.15,84,100,3.0,overcast clouds
496,Maldonado,UY,-34.6667,-54.9167,63.79,55,12,19.91,few clouds
497,Asfi,MA,32.2994,-9.2372,67.42,74,9,14.94,clear sky
498,Walvis Bay,NA,-22.9575,14.5053,63.09,52,0,21.56,clear sky
499,Aitape,PG,-3.1374,142.3475,78.44,88,99,7.25,overcast clouds
500,Yumen,CN,40.2833,97.2,66.38,11,0,11.14,clear sky
501,Srivardhan,IN,18.0333,73.0167,79.47,84,100,8.55,overcast clouds
502,Gaya,IN,24.7833,85.0,87.71,74,40,0.0,mist
503,Daoukro,CI,7.0591,-3.9631,93.06,45,51,2.06,broken clouds
504,Xining,CN,36.6167,101.7667,49.93,71,96,1.66,overcast clouds
505,Emerald,AU,-23.5333,148.1667,55.36,93,5,7.16,clear sky
506,Cedar City,US,37.6775,-113.0619,71.4,13,1,3.44,clear sky
507,Borovichi,RU,58.3878,33.9155,55.49,47,24,1.16,few clouds
508,Olean,US,42.0776,-78.4297,65.1,41,1,8.46,clear sky
509,Fevik,NO,58.3794,8.6766,80.1,57,71,7.67,broken clouds
510,Sept-Iles,CA,50.2001,-66.3821,45.25,92,100,5.99,overcast clouds
511,Tulun,RU,54.5611,100.5792,34.61,90,57,4.63,broken clouds
512,Semnan,IR,35.5729,53.3971,89.83,12,0,8.48,clear sky
513,Gorontalo,ID,0.5412,123.0595,76.33,95,100,2.62,overcast clouds
514,Srednekolymsk,RU,67.45,153.6833,53.04,46,5,7.81,clear sky
515,Tevaitoa,PF,-16.7833,-151.5,77.99,66,96,15.7,overcast clouds
516,Dicabisagan,PH,17.0818,122.4157,80.92,86,91,3.04,overcast clouds
517,Ondjiva,AO,-17.0667,15.7333,75.83,17,41,4.52,scattered clouds
518,Sinnamary,GF,5.3833,-52.95,76.48,94,100,8.81,light rain
519,Koilas,GR,37.4095,23.1147,74.08,59,41,7.7,scattered clouds
520,Colombo,LK,6.9319,79.8478,84.15,85,89,13.35,overcast clouds
521,Mount Hagen,PG,-5.8581,144.2274,58.82,98,100,0.92,overcast clouds
522,Saint-Joseph,RE,-21.3667,55.6167,70.18,74,12,6.31,few clouds
523,Tura,IN,25.5198,90.2201,72.32,97,100,4.94,moderate rain
524,Pyu,MM,18.4833,96.4333,79.45,86,59,6.33,broken clouds
525,Beringovskiy,RU,63.05,179.3167,30.96,89,94,7.99,overcast clouds
526,Shingu,JP,33.7333,135.9833,62.91,90,56,4.5,broken clouds
527,Hambantota,LK,6.1241,81.1185,84.54,79,20,20.56,few clouds
528,Porto Murtinho,BR,-21.6989,-57.8825,79.99,46,45,3.09,scattered clouds
529,Winslow,US,35.0242,-110.6974,77.18,19,1,1.99,clear sky
530,Limoeiro Do Ajuru,BR,-1.8953,-49.3806,86.74,60,4,0.98,clear sky
531,Port Pirie,AU,-33.1833,138.0167,55.49,36,98,7.92,light rain
532,Christchurch,NZ,-43.5333,172.6333,48.99,94,90,4.0,overcast clouds
533,Ambilobe,MG,-13.2,49.05,73.94,73,7,2.21,clear sky
534,Mashhad,IR,36.297,59.6062,86.14,30,0,4.61,clear sky
535,Novobelokatay,RU,55.7062,58.9549,52.23,70,100,7.92,overcast clouds
536,Tingi,TZ,-11.3,35.0333,61.65,85,49,3.27,scattered clouds
537,Namatanai,PG,-3.6667,152.4333,79.05,85,100,4.47,moderate rain
538,Yining,CN,29.0361,114.5636,72.57,96,13,2.13,few clouds
539,Banjar,ID,-8.19,114.9675,78.66,87,37,3.31,scattered clouds
540,Bemidji,US,47.4736,-94.8803,65.05,57,40,9.22,scattered clouds
541,Haimen,CN,23.1935,116.6142,78.69,94,100,8.84,moderate rain
542,Isla Mujeres,MX,21.2311,-86.731,87.85,64,11,10.02,few clouds
543,Mount Gambier,AU,-37.8333,140.7667,45.9,44,100,7.31,overcast clouds
544,Hlotse,LS,-28.8718,28.045,46.63,32,100,3.36,overcast clouds
545,Lure,FR,47.75,6.5,74.57,33,0,8.21,clear sky
546,Lima,PE,-12.0432,-77.0282,63.14,82,90,4.61,overcast clouds
547,Ontario,US,34.0633,-117.6509,89.69,78,90,0.0,haze
548,Clyde River,CA,70.4692,-68.5914,30.78,85,20,2.8,few clouds
549,Saint-Francois,FR,46.4154,3.9054,77.18,44,0,6.91,clear sky
550,Taggia,IT,43.8485,7.8545,73.85,42,35,1.3,scattered clouds
551,Umm Lajj,SA,25.0213,37.2685,88.83,51,3,11.34,clear sky
552,San Quintin,MX,30.4833,-115.95,62.96,69,42,5.12,scattered clouds
553,Pringsewu,ID,-5.3582,104.9744,74.57,96,96,4.59,overcast clouds
554,Nabire,ID,-3.3667,135.4833,76.23,94,100,0.98,overcast clouds
555,Panalingaan,PH,8.7842,117.4231,80.74,83,66,3.47,broken clouds
556,Gat,IL,31.61,34.7642,88.79,44,0,8.37,clear sky
557,Ostrovnoy,RU,68.0531,39.5131,44.89,83,100,19.15,overcast clouds
558,Bira,RU,49.0,132.4667,46.38,86,35,2.39,scattered clouds
559,Kincardine,GB,56.0667,-3.7167,72.82,56,31,10.29,scattered clouds
560,Zhigansk,RU,66.7697,123.3711,53.62,46,67,7.43,broken clouds
561,Casper,US,42.8666,-106.3131,61.81,49,1,1.99,clear sky
562,Seryshevo,RU,51.0933,128.3786,52.05,78,98,8.86,overcast clouds
563,Guspini,IT,39.5406,8.6294,69.58,52,100,4.41,overcast clouds
564,Margate,GB,51.3813,1.3862,73.18,85,0,12.46,clear sky
565,Novikovo,RU,51.1537,37.8879,52.02,78,99,8.19,overcast clouds
566,Birao,CF,10.2849,22.7882,100.71,19,79,9.31,broken clouds
567,Xinzhou,CN,38.4092,112.7333,65.48,59,100,3.24,overcast clouds
568,Sungaipenuh,ID,-2.0833,101.3833,66.49,92,100,1.28,overcast clouds
569,Itoman,JP,26.1247,127.6694,77.02,85,40,12.66,scattered clouds
570,Mwinilunga,ZM,-11.7358,24.4293,65.7,41,25,3.51,scattered clouds
571,Rehoboth,NA,-23.3167,17.0833,68.22,14,0,7.58,clear sky
572,Daru,PG,-9.0763,143.2092,77.47,85,83,16.58,broken clouds
573,Road Town,VG,18.4167,-64.6167,86.09,66,40,10.36,scattered clouds
574,Constitucion,CL,-35.3333,-72.4167,62.49,83,89,5.46,overcast clouds
575,Harper,LR,4.375,-7.7169,79.59,82,99,9.28,light rain
576,Talaya,RU,61.3833,152.75,36.23,90,100,5.08,overcast clouds
577,Praya,CV,14.9215,-23.5087,79.34,61,75,23.02,broken clouds
578,Batagay,RU,67.6333,134.6333,45.72,87,98,2.13,overcast clouds
579,Matara,LK,5.9485,80.5353,80.51,85,91,13.78,overcast clouds
580,Chuy,UY,-33.6971,-53.4616,61.7,48,22,16.75,few clouds
581,Paamiut,GL,61.994,-49.6678,36.91,84,89,6.93,overcast clouds
582,Novopavlovka,RU,51.2172,109.2091,30.51,73,19,3.65,few clouds
583,Doha,QA,25.2867,51.5333,100.38,37,0,10.36,clear sky
584,Abaza,RU,52.655,90.0928,47.61,80,32,2.01,scattered clouds
585,Havre-Saint-Pierre,CA,50.2334,-63.5986,44.96,93,90,8.05,overcast clouds
586,Labrea,BR,-7.2586,-64.7981,93.25,40,8,3.2,clear sky
587,Lipin Bor,RU,60.2622,37.9763,49.82,51,15,2.66,few clouds
588,Naron,ES,43.5167,-8.1528,76.55,63,4,2.33,clear sky
589,Aras,ES,42.5617,-2.356,83.71,37,20,7.63,few clouds
590,Hadrut,AZ,39.52,47.0318,69.62,60,0,6.6,clear sky
591,Pangai,TO,-19.8,-174.35,76.89,82,99,14.41,moderate rain
592,Arifwala,PK,30.294,73.0735,92.17,28,57,12.91,broken clouds
593,Noumea,NC,-22.2763,166.4572,69.01,99,96,10.25,overcast clouds
594,Kokopo,PG,-4.352,152.2633,77.36,86,100,8.77,light rain
595,Leshukonskoye,RU,64.8989,45.7622,56.53,51,72,9.04,broken clouds
596,Port Hedland,AU,-20.3167,118.5667,69.85,83,80,5.75,broken clouds
597,Svetlogorsk,BY,52.6333,29.7333,54.77,71,91,6.22,overcast clouds
598,Lewiston,US,44.1003,-70.2148,55.24,96,90,12.66,overcast clouds
599,Parrita,CR,9.5201,-84.3225,91.17,67,37,5.17,scattered clouds
600,Enshi,CN,30.3,109.4833,71.08,81,69,0.81,light rain
601,Portland,US,45.5234,-122.6762,71.42,59,40,1.99,scattered clouds
602,Ayan,RU,56.45,138.1667,38.08,95,90,5.28,overcast clouds
603,Gornozavodsk,RU,58.3758,58.3211,48.85,55,35,5.95,scattered clouds
604,Hirara,JP,24.8,125.2833,79.83,83,100,17.22,overcast clouds
605,Waddan,LY,29.1614,16.139,95.68,15,5,7.85,clear sky
606,Arlit,NE,18.7369,7.3853,108.23,4,91,12.12,overcast clouds
607,Mindelo,CV,16.8901,-24.9804,78.35,65,20,22.12,few clouds
608,Tilichiki,RU,60.4667,166.1,35.76,83,100,5.12,overcast clouds
609,Puerto Escondido,MX,15.85,-97.0667,88.63,66,20,5.75,few clouds
610,Fushan,CN,37.4958,121.2581,66.69,89,100,6.55,heavy intensity rain
611,Verkhnyaya Inta,RU,65.9811,60.3094,44.28,63,95,17.22,overcast clouds
612,Bongor,TD,10.2806,15.3722,103.21,19,84,3.4,broken clouds
613,Calvinia,ZA,-31.4707,19.776,48.85,71,98,10.71,overcast clouds
614,Klichka,RU,50.4457,117.996,43.09,90,99,7.87,overcast clouds
615,Hearst,CA,49.6835,-83.6665,61.81,57,74,9.24,broken clouds
616,Iluppur,IN,10.5135,78.6236,90.75,51,97,6.73,overcast clouds
617,Roebourne,AU,-20.7833,117.1333,70.9,43,96,16.71,overcast clouds
618,Linfen,CN,36.0889,111.5189,76.26,51,100,1.01,overcast clouds
619,Santa Maria,BR,-29.6842,-53.8069,60.64,46,19,1.21,few clouds
620,Tornio,FI,65.8481,24.1466,62.62,52,78,9.78,broken clouds
621,Ossora,RU,59.2353,163.0719,36.37,76,68,2.3,broken clouds
622,San Jose,US,37.3394,-121.895,81.5,58,20,3.44,few clouds
623,Dudinka,RU,69.4058,86.1778,32.43,96,100,11.27,overcast clouds
624,Fort Nelson,CA,58.8053,-122.7002,63.86,42,61,3.42,broken clouds
625,Turukhansk,RU,65.8167,87.9833,39.31,94,100,0.58,light rain
626,Sudzha,RU,51.1976,35.2726,48.85,80,100,9.55,overcast clouds
627,Xichang,CN,27.8964,102.2634,69.55,83,81,2.82,broken clouds
628,Port Blair,IN,11.6667,92.75,83.48,76,3,3.89,clear sky
629,Suntar,RU,62.1444,117.6319,53.94,55,13,4.43,few clouds
630,Fallon,US,39.4735,-118.7774,76.91,19,1,3.44,clear sky
631,Kankon,IN,15.0167,74.0167,84.0,80,76,7.34,broken clouds
632,Jiaocheng,CN,24.6774,116.1389,74.95,99,100,2.19,light rain
633,Banda Aceh,ID,5.5577,95.3222,80.15,82,95,13.67,overcast clouds
634,Palmer,US,42.1584,-72.3287,57.36,85,90,4.65,overcast clouds
635,Narsaq,GL,60.9167,-46.05,48.42,61,87,8.7,overcast clouds
636,Rawson,AR,-43.3002,-65.1023,48.07,64,100,12.35,overcast clouds
637,Berezovyy,RU,51.6667,135.7,47.05,90,59,2.33,broken clouds
638,Skagen,DK,57.7209,10.5839,55.27,71,87,14.16,overcast clouds
639,Najran,SA,17.4924,44.1277,89.28,10,2,14.76,clear sky
640,Palu,ID,-0.8917,119.8707,76.87,96,94,2.33,overcast clouds
641,Yara,CU,20.2753,-76.9533,85.59,62,65,3.85,broken clouds
642,Bolivar,US,37.6145,-93.4105,68.92,66,100,5.99,overcast clouds
643,Omboue,GA,-1.5746,9.2618,79.12,83,100,9.55,light rain
644,Bogorodskoye,RU,56.55,37.8833,50.59,64,100,5.82,overcast clouds
645,Berlevag,NO,70.8578,29.0864,42.8,81,75,19.57,broken clouds
646,Buala,SB,-8.145,159.5921,78.78,87,70,6.31,light rain
647,Bulri,PK,24.8667,68.3333,87.31,66,0,17.58,clear sky
648,Ust-Tsilma,RU,65.441,52.1498,51.66,52,98,5.61,overcast clouds
649,Kunya,NG,12.2233,8.5325,104.5,5,3,11.92,clear sky
650,Amazar,RU,53.858,120.875,51.35,94,100,11.74,light rain
651,Arona,ES,28.0996,-16.681,67.98,61,20,5.99,few clouds
652,Kailua,US,21.4022,-157.7394,73.02,69,90,1.52,overcast clouds
653,Moron,AR,-34.6534,-58.6198,64.83,55,83,10.78,broken clouds
654,Rialma,BR,-15.315,-49.5844,89.64,27,65,3.24,broken clouds
655,Tarauaca,BR,-8.1614,-70.7656,83.68,72,91,3.31,overcast clouds
656,Stromness,GB,58.965,-3.296,55.65,84,94,18.97,overcast clouds
657,Pittsburg,US,38.028,-121.8847,84.25,49,1,1.01,clear sky
658,Bud,US,39.447,-86.1758,69.42,56,98,5.26,overcast clouds
659,Litovko,RU,49.2361,135.1742,48.63,70,1,2.35,clear sky
660,Copenhagen,DK,55.6759,12.5655,72.28,46,41,6.91,scattered clouds
661,Malartic,CA,48.1335,-78.1328,67.01,38,64,7.65,broken clouds
662,Australind,AU,-33.2667,115.7167,51.04,75,100,4.07,overcast clouds
663,Soria,ES,41.6667,-2.6667,76.57,39,98,11.34,overcast clouds
664,Vangaindrano,MG,-23.35,47.6,70.79,84,21,7.4,few clouds
665,Sorgun,TR,39.8101,35.186,62.29,74,94,5.08,overcast clouds
666,Batavia,US,41.85,-88.3126,70.52,52,1,1.99,clear sky
667,Ponta Delgada,PT,37.7333,-25.6667,68.72,77,40,19.57,scattered clouds
668,Mangochi,MW,-14.4782,35.2645,75.56,53,89,2.21,overcast clouds
669,Mtambile,TZ,-5.3833,39.7,77.41,80,28,10.47,scattered clouds
670,Umm Kaddadah,SD,13.6017,26.6876,85.75,35,95,27.89,overcast clouds
671,Prince Rupert,CA,54.3161,-130.3201,57.29,88,90,13.8,light rain
672,Hervey Bay,AU,-25.2986,152.8535,62.04,65,91,10.4,overcast clouds
673,Taree,AU,-31.9,152.4667,49.33,100,10,3.44,clear sky
674,Mahon,ES,39.8885,4.2658,77.56,44,0,6.91,clear sky
675,Khash,IR,28.2211,61.2158,86.41,8,0,11.88,clear sky
676,Asosa,ET,10.0667,34.5333,71.71,60,56,1.81,broken clouds
677,Kungurtug,RU,50.5994,97.5228,35.76,98,95,2.91,overcast clouds
678,Talcahuano,CL,-36.7167,-73.1167,56.88,100,90,10.36,fog
679,San Carlos De Bariloche,AR,-41.1456,-71.3082,54.45,77,90,8.28,moderate rain
680,Camapua,BR,-19.5314,-54.0439,88.54,32,98,3.44,overcast clouds
681,Brae,GB,60.3964,-1.353,48.11,77,5,12.57,clear sky
682,Contai,IN,21.7786,87.7536,85.21,86,100,16.71,overcast clouds
683,Kloulklubed,PW,7.0419,134.2556,81.1,77,100,16.55,overcast clouds
684,Atar,MR,20.5169,-13.0499,105.84,14,31,6.38,scattered clouds
685,Lethem,GY,3.3803,-59.7968,85.46,65,70,2.82,broken clouds
686,Avera,US,33.194,-82.5271,75.94,47,67,7.2,broken clouds
687,Barcelos,PT,41.5388,-8.6151,80.92,60,27,8.84,scattered clouds
688,Saurimo,AO,-9.6608,20.3916,73.13,33,8,3.33,clear sky
689,Alta,NO,69.9689,23.2717,51.04,71,75,9.22,broken clouds
690,Cariati,IT,39.4922,16.9594,60.71,49,99,4.05,overcast clouds
691,Roma,US,43.2128,-75.4557,67.86,65,1,4.61,clear sky
692,Padilla,CO,3.2204,-76.3139,76.57,70,59,2.82,broken clouds
693,Broken Hill,AU,-31.95,141.4333,52.16,45,99,8.79,overcast clouds
694,Athabasca,CA,54.7169,-113.2854,62.69,59,59,11.7,broken clouds
695,Kaili,ID,-3.4626,120.2147,66.99,96,65,2.66,broken clouds
696,Bagdarin,RU,54.4333,113.6,36.59,98,100,7.94,moderate rain
697,Sibu,MY,2.3,111.8167,75.22,97,65,1.05,broken clouds
698,Arawa,PG,-6.2132,155.5367,77.07,91,99,3.36,light rain
699,Mezen,RU,65.8522,44.24,52.0,58,74,7.92,broken clouds
700,Posse,BR,-14.0931,-46.3694,86.49,24,34,5.97,scattered clouds
701,Santa Catarina De Tepehuanes,MX,25.35,-105.7333,76.05,21,24,4.29,few clouds
702,Nacozari,MX,25.3366,-108.2574,86.11,55,83,12.12,broken clouds
703,Whyalla,AU,-33.0333,137.5833,55.29,41,87,5.75,overcast clouds
704,Calama,CL,-22.4667,-68.9333,64.89,10,0,12.66,clear sky
705,Rapid Valley,US,44.0625,-103.1463,72.77,45,1,3.0,clear sky
706,Lashio,MM,22.9333,97.75,68.63,97,89,0.74,overcast clouds
707,Clifton,US,40.8584,-74.1638,61.88,75,90,5.01,overcast clouds
708,Kattivakkam,IN,13.2167,80.3167,87.08,84,73,11.36,broken clouds
709,Miles City,US,46.4083,-105.8406,68.97,42,1,10.36,clear sky
710,Benjamin Constant,BR,-4.3831,-70.0311,84.33,83,75,3.15,broken clouds
711,Kenora,CA,49.8167,-94.4337,55.38,43,5,4.03,clear sky
712,Port Macquarie,AU,-31.4333,152.9167,49.37,90,7,4.9,clear sky
713,Klyuchi,RU,52.2667,79.1667,71.58,45,25,11.9,scattered clouds
714,Abha,SA,18.2164,42.5053,80.85,10,0,14.45,clear sky
715,Marzuq,YE,14.4,46.4667,88.03,18,52,3.18,broken clouds
716,Oga,IT,46.4631,10.347,61.34,51,5,4.59,clear sky
717,Sembe,CG,1.6481,14.5806,83.07,71,99,1.16,overcast clouds
718,Guarapari,BR,-20.6667,-40.4975,85.91,67,96,10.25,moderate rain
719,Suez,EG,29.9737,32.5263,86.47,40,0,23.24,clear sky
720,Coari,BR,-4.085,-63.1414,91.11,48,63,3.56,broken clouds
721,Xingyi,CN,24.1877,102.817,63.75,89,7,3.78,clear sky
722,Mackenzie,CA,55.2999,-123.1698,54.46,76,100,3.67,overcast clouds
723,Tulum,MX,20.2167,-87.4667,89.65,59,9,8.25,clear sky
724,Genhe,CN,50.7833,121.5167,50.9,94,100,13.24,moderate rain
725,Aswan,EG,24.0934,32.907,107.6,7,22,11.61,few clouds
726,Tommot,RU,58.9564,126.2925,48.02,91,62,3.31,broken clouds
727,Dhidhdhoo,MV,6.8833,73.1,83.32,75,100,19.77,overcast clouds
728,Ketchikan,US,55.3422,-131.6461,57.18,97,100,4.88,light rain
